000001.SZ,财经/交易
000002.SZ,财经/交易
000008.SZ,财经/交易
000012.SZ,财经/交易
000021.SZ,财经/交易
000030.SZ,财经/交易
000031.SZ,财经/交易
000034.SZ,产品行为
000035.SZ,财经/交易
000039.SZ,产品行为
000040.SZ,组织关系
000046.SZ,财经/交易
000049.SZ,财经/交易
00005.HK,财经/交易
000050.SZ,产品行为
000055.SZ,竞赛行为
000056.SZ,财经/交易
000059.SZ,财经/交易
000061.SZ,财经/交易
000063.SZ,产品行为
000066.SZ,财经/交易
000100.SZ,产品行为
00013.HK,财经/交易
000150.SZ,财经/交易
000151.SZ,组织关系
000157.SZ,财经/交易
000159.SZ,财经/交易
000166.SZ,产品行为
00020.HK,财经/交易
00021.HK,产品行为
000301.SZ,财经/交易
000333.SZ,财经/交易
000338.SZ,产品行为
000400.SZ,财经/交易
000401.SZ,财经/交易
000402.SZ,财经/交易
000408.SZ,财经/交易
000411.SZ,财经/交易
000416.SZ,财经/交易
000420.SZ,财经/交易
000422.SZ,财经/交易
000423.SZ,组织关系
000425.SZ,财经/交易
000488.SZ,财经/交易
000498.SZ,财经/交易
000503.SZ,财经/交易
000504.SZ,财经/交易
000507.SZ,财经/交易
000513.SZ,产品行为
000516.SZ,财经/交易
000517.SZ,财经/交易
000524.SZ,财经/交易
000525.SZ,组织关系
000526.SZ,财经/交易
000530.SZ,财经/交易
000531.SZ,财经/交易
000534.SZ,财经/交易
000537.SZ,财经/交易
000538.SZ,产品行为
000539.SZ,财经/交易
000540.SZ,财经/交易
000541.SZ,组织关系
000545.SZ,财经/交易
000546.SZ,财经/交易
000547.SZ,财经/交易
000550.SZ,财经/交易
000552.SZ,财经/交易
000553.SZ,产品行为
000554.SZ,财经/交易
000555.SZ,产品行为
000557.SZ,财经/交易
000558.SZ,财经/交易
000564.SZ,组织关系
000566.SZ,财经/交易
000568.SZ,财经/交易
000572.SZ,产品行为
000576.SZ,财经/交易
000581.SZ,财经/交易
000589.SZ,财经/交易
000591.SZ,财经/交易
000595.SZ,财经/交易
000596.SZ,财经/交易
000598.SZ,财经/交易
000600.SZ,财经/交易
000603.SZ,财经/交易
000607.SZ,财经/交易
000608.SZ,财经/交易
000610.SZ,财经/交易
000611.SZ,财经/交易
000615.SZ,组织关系
000619.SZ,产品行为
000620.SZ,财经/交易
000625.SZ,财经/交易
000626.SZ,财经/交易
000630.SZ,财经/交易
000635.SZ,产品行为
000636.SZ,竞赛行为
000651.SZ,产品行为
000656.SZ,财经/交易
000661.SZ,财经/交易
000665.SZ,财经/交易
000667.SZ,财经/交易
000671.SZ,组织关系
000672.SZ,财经/交易
000676.SZ,产品行为
000681.SZ,产品行为
000682.SZ,财经/交易
000683.SZ,财经/交易
000685.SZ,财经/交易
000686.SZ,财经/交易
000688.SZ,财经/交易
000692.SZ,财经/交易
000701.SZ,产品行为
000702.SZ,财经/交易
000708.SZ,产品行为
000709.SZ,产品行为
000711.SZ,财经/交易
000713.SZ,财经/交易
000717.SZ,财经/交易
000721.SZ,财经/交易
000723.SZ,财经/交易
000725.SZ,财经/交易
000727.SZ,产品行为
000728.SZ,财经/交易
000729.SZ,产品行为
000732.SZ,财经/交易
000736.SZ,财经/交易
000739.SZ,产品行为
000750.SZ,产品行为
000751.SZ,财经/交易
000756.SZ,产品行为
000762.SZ,财经/交易
000767.SZ,财经/交易
000776.SZ,财经/交易
000777.SZ,财经/交易
000778.SZ,财经/交易
000779.SZ,财经/交易
000783.SZ,财经/交易
000789.SZ,财经/交易
000790.SZ,财经/交易
000791.SZ,财经/交易
000792.SZ,财经/交易
000795.SZ,财经/交易
000796.SZ,产品行为
000798.SZ,财经/交易
000799.SZ,财经/交易
000800.SZ,产品行为
000803.SZ,财经/交易
000806.SZ,财经/交易
000807.SZ,财经/交易
000810.SZ,产品行为
000811.SZ,财经/交易
000812.SZ,财经/交易
000815.SZ,财经/交易
000816.SZ,财经/交易
000821.SZ,财经/交易
000825.SZ,司法行为
000826.SZ,财经/交易
000829.SZ,财经/交易
000830.SZ,财经/交易
000831.SZ,财经/交易
000836.SZ,财经/交易
000837.SZ,产品行为
000838.SZ,财经/交易
000839.SZ,财经/交易
000848.SZ,组织关系
000850.SZ,财经/交易
000851.SZ,财经/交易
000852.SZ,财经/交易
000856.SZ,财经/交易
000858.SZ,财经/交易
000859.SZ,组织关系
000860.SZ,财经/交易
000861.SZ,财经/交易
000862.SZ,财经/交易
000875.SZ,交往
000876.SZ,财经/交易
000877.SZ,财经/交易
000878.SZ,财经/交易
000881.SZ,产品行为
000887.SZ,财经/交易
000889.SZ,财经/交易
000890.SZ,财经/交易
000892.SZ,财经/交易
000893.SZ,财经/交易
000895.SZ,组织关系
000897.SZ,财经/交易
000898.SZ,财经/交易
000901.SZ,产品行为
000912.SZ,财经/交易
000913.SZ,财经/交易
000918.SZ,财经/交易
000921.SZ,财经/交易
000923.SZ,财经/交易
000928.SZ,财经/交易
000930.SZ,财经/交易
000931.SZ,财经/交易
000932.SZ,财经/交易
000937.SZ,财经/交易
000938.SZ,财经/交易
000948.SZ,财经/交易
000949.SZ,灾害/意外
000951.SZ,财经/交易
000955.SZ,财经/交易
000957.SZ,财经/交易
000958.SZ,财经/交易
000959.SZ,财经/交易
000960.SZ,财经/交易
000961.SZ,交往
000962.SZ,司法行为
000963.SZ,财经/交易
000965.SZ,产品行为
000966.SZ,组织关系
000968.SZ,财经/交易
000969.SZ,产品行为
000970.SZ,财经/交易
000976.SZ,产品行为
000977.SZ,财经/交易
000978.SZ,财经/交易
000980.SZ,财经/交易
000982.SZ,财经/交易
000983.SZ,财经/交易
000987.SZ,财经/交易
000989.SZ,财经/交易
000990.SZ,产品行为
000993.SZ,产品行为
000995.SZ,财经/交易
000997.SZ,组织关系
000998.SZ,财经/交易
000999.SZ,财经/交易
001201.SZ,财经/交易
001203.SZ,产品行为
001205.SZ,财经/交易
001210.SZ,财经/交易
001215.SZ,财经/交易
001218.SZ,产品行为
001227.SZ,财经/交易
001266.SZ,产品行为
001267.SZ,财经/交易
001289.SZ,财经/交易
001296.SZ,产品行为
001317.SZ,财经/交易
00133.HK,财经/交易
00165.HK,财经/交易
001696.SZ,财经/交易
00175.HK,财经/交易
001896.SZ,财经/交易
001914.SZ,财经/交易
001979.SZ,产品行为
002002.SZ,财经/交易
002003.SZ,组织关系
002004.SZ,财经/交易
002008.SZ,财经/交易
002009.SZ,产品行为
002011.SZ,财经/交易
002013.SZ,财经/交易
002015.SZ,财经/交易
002019.SZ,财经/交易
002020.SZ,财经/交易
002022.SZ,产品行为
002024.SZ,产品行为
002027.SZ,财经/交易
002028.SZ,产品行为
002034.SZ,财经/交易
002036.SZ,财经/交易
002037.SZ,财经/交易
002039.SZ,财经/交易
002043.SZ,财经/交易
002044.SZ,产品行为
002045.SZ,产品行为
002046.SZ,财经/交易
002047.SZ,财经/交易
002048.SZ,财经/交易
002049.SZ,财经/交易
002050.SZ,产品行为
002051.SZ,组织关系
002055.SZ,财经/交易
002056.SZ,产品行为
002059.SZ,财经/交易
002060.SZ,财经/交易
002061.SZ,财经/交易
002062.SZ,财经/交易
002063.SZ,产品行为
002064.SZ,财经/交易
002068.SZ,产品行为
002069.SZ,财经/交易
002074.SZ,产品行为
002075.SZ,财经/交易
002078.SZ,财经/交易
002080.SZ,产品行为
002081.SZ,财经/交易
002082.SZ,财经/交易
002085.SZ,产品行为
002086.SZ,财经/交易
002088.SZ,产品行为
002090.SZ,产品行为
002092.SZ,财经/交易
002096.SZ,财经/交易
002099.SZ,财经/交易
002100.SZ,产品行为
002101.SZ,财经/交易
002104.SZ,财经/交易
002105.SZ,财经/交易
002107.SZ,财经/交易
002114.SZ,司法行为
002115.SZ,财经/交易
002116.SZ,财经/交易
002118.SZ,财经/交易
002120.SZ,财经/交易
002121.SZ,财经/交易
002123.SZ,产品行为
002124.SZ,财经/交易
002126.SZ,产品行为
002127.SZ,财经/交易
002128.SZ,产品行为
002129.SZ,财经/交易
002131.SZ,财经/交易
002132.SZ,产品行为
002136.SZ,财经/交易
002138.SZ,财经/交易
002139.SZ,财经/交易
002140.SZ,财经/交易
002141.SZ,财经/交易
002142.SZ,财经/交易
002145.SZ,财经/交易
002146.SZ,组织关系
002151.SZ,财经/交易
002152.SZ,产品行为
002153.SZ,财经/交易
002156.SZ,财经/交易
002157.SZ,财经/交易
002159.SZ,财经/交易
002160.SZ,产品行为
002162.SZ,财经/交易
002166.SZ,财经/交易
002167.SZ,财经/交易
00217.HK,财经/交易
002170.SZ,财经/交易
002172.SZ,财经/交易
002173.SZ,财经/交易
002174.SZ,财经/交易
002176.SZ,财经/交易
002177.SZ,财经/交易
002178.SZ,财经/交易
002179.SZ,产品行为
002180.SZ,财经/交易
002182.SZ,财经/交易
002183.SZ,财经/交易
002184.SZ,产品行为
002186.SZ,财经/交易
002187.SZ,财经/交易
002188.SZ,财经/交易
002189.SZ,财经/交易
002190.SZ,财经/交易
002191.SZ,财经/交易
002192.SZ,财经/交易
002196.SZ,财经/交易
002197.SZ,财经/交易
002198.SZ,组织关系
002202.SZ,财经/交易
002203.SZ,产品行为
002204.SZ,组织关系
002205.SZ,财经/交易
002206.SZ,财经/交易
002207.SZ,财经/交易
002208.SZ,财经/交易
002212.SZ,财经/交易
002213.SZ,财经/交易
002214.SZ,财经/交易
002216.SZ,财经/交易
002217.SZ,财经/交易
002218.SZ,财经/交易
002221.SZ,财经/交易
002222.SZ,财经/交易
002223.SZ,财经/交易
002225.SZ,财经/交易
002227.SZ,财经/交易
002230.SZ,产品行为
002232.SZ,财经/交易
002233.SZ,财经/交易
002234.SZ,财经/交易
002235.SZ,财经/交易
002236.SZ,组织关系
002238.SZ,财经/交易
002239.SZ,财经/交易
002240.SZ,财经/交易
002241.SZ,财经/交易
002243.SZ,产品行为
002244.SZ,人生
002245.SZ,产品行为
002246.SZ,财经/交易
002247.SZ,财经/交易
002249.SZ,财经/交易
002250.SZ,财经/交易
002251.SZ,财经/交易
002252.SZ,财经/交易
002253.SZ,财经/交易
002256.SZ,财经/交易
002258.SZ,财经/交易
002261.SZ,产品行为
002262.SZ,产品行为
002263.SZ,财经/交易
002264.SZ,财经/交易
002265.SZ,财经/交易
002266.SZ,产品行为
002268.SZ,财经/交易
002269.SZ,财经/交易
002271.SZ,交往
002273.SZ,财经/交易
002274.SZ,产品行为
002276.SZ,产品行为
002280.SZ,财经/交易
002283.SZ,财经/交易
002284.SZ,产品行为
002286.SZ,产品行为
002288.SZ,财经/交易
002290.SZ,司法行为
002291.SZ,财经/交易
002292.SZ,财经/交易
002294.SZ,财经/交易
002297.SZ,财经/交易
002298.SZ,财经/交易
002299.SZ,产品行为
002300.SZ,司法行为
002301.SZ,司法行为
002304.SZ,财经/交易
002308.SZ,财经/交易
002309.SZ,财经/交易
002310.SZ,财经/交易
002311.SZ,财经/交易
002312.SZ,财经/交易
002314.SZ,财经/交易
002316.SZ,财经/交易
002317.SZ,财经/交易
002319.SZ,产品行为
002320.SZ,财经/交易
002324.SZ,产品行为
002325.SZ,财经/交易
002326.SZ,财经/交易
002329.SZ,组织关系
002330.SZ,财经/交易
002332.SZ,产品行为
002333.SZ,财经/交易
002334.SZ,财经/交易
002336.SZ,财经/交易
002338.SZ,财经/交易
002340.SZ,产品行为
002341.SZ,财经/交易
002348.SZ,财经/交易
002349.SZ,财经/交易
002350.SZ,财经/交易
002352.SZ,财经/交易
002353.SZ,财经/交易
002354.SZ,财经/交易
002361.SZ,财经/交易
002363.SZ,财经/交易
002364.SZ,财经/交易
002366.SZ,财经/交易
002368.SZ,组织关系
002369.SZ,财经/交易
002370.SZ,财经/交易
002371.SZ,财经/交易
002372.SZ,财经/交易
002373.SZ,财经/交易
002374.SZ,财经/交易
002378.SZ,财经/交易
002382.SZ,产品行为
002383.SZ,财经/交易
002385.SZ,财经/交易
002386.SZ,财经/交易
002387.SZ,产品行为
002391.SZ,财经/交易
002392.SZ,财经/交易
002397.SZ,财经/交易
002402.SZ,产品行为
002404.SZ,财经/交易
002405.SZ,财经/交易
002407.SZ,财经/交易
002408.SZ,财经/交易
00241.HK,产品行为
002410.SZ,产品行为
002411.SZ,财经/交易
002412.SZ,财经/交易
002414.SZ,产品行为
002415.SZ,财经/交易
002416.SZ,财经/交易
002418.SZ,财经/交易
002419.SZ,财经/交易
002422.SZ,产品行为
002424.SZ,财经/交易
002425.SZ,财经/交易
002429.SZ,财经/交易
002430.SZ,产品行为
002432.SZ,财经/交易
002433.SZ,财经/交易
002434.SZ,财经/交易
002436.SZ,产品行为
002437.SZ,财经/交易
002438.SZ,产品行为
002443.SZ,财经/交易
002444.SZ,财经/交易
002445.SZ,财经/交易
002449.SZ,产品行为
002452.SZ,产品行为
002453.SZ,财经/交易
002455.SZ,产品行为
002456.SZ,产品行为
002459.SZ,财经/交易
002460.SZ,财经/交易
002463.SZ,财经/交易
002465.SZ,财经/交易
002466.SZ,财经/交易
002467.SZ,产品行为
002468.SZ,财经/交易
002469.SZ,产品行为
002470.SZ,产品行为
002471.SZ,竞赛行为
002472.SZ,产品行为
002475.SZ,财经/交易
002481.SZ,财经/交易
002483.SZ,产品行为
002486.SZ,产品行为
002487.SZ,财经/交易
002488.SZ,产品行为
002490.SZ,财经/交易
002491.SZ,财经/交易
002493.SZ,产品行为
002497.SZ,财经/交易
002498.SZ,产品行为
002500.SZ,产品行为
002507.SZ,财经/交易
002508.SZ,财经/交易
002511.SZ,财经/交易
002513.SZ,财经/交易
002514.SZ,财经/交易
002516.SZ,产品行为
002517.SZ,财经/交易
002518.SZ,财经/交易
002520.SZ,财经/交易
002523.SZ,财经/交易
002524.SZ,财经/交易
002529.SZ,产品行为
002530.SZ,财经/交易
002531.SZ,财经/交易
002532.SZ,财经/交易
002533.SZ,财经/交易
002534.SZ,产品行为
002536.SZ,产品行为
002537.SZ,财经/交易
002539.SZ,财经/交易
002540.SZ,财经/交易
002541.SZ,财经/交易
002545.SZ,产品行为
002548.SZ,财经/交易
002549.SZ,财经/交易
002553.SZ,财经/交易
002554.SZ,财经/交易
002555.SZ,财经/交易
002557.SZ,财经/交易
002558.SZ,组织关系
002559.SZ,财经/交易
002560.SZ,财经/交易
002562.SZ,产品行为
002563.SZ,财经/交易
002564.SZ,财经/交易
002565.SZ,财经/交易
002567.SZ,财经/交易
002568.SZ,财经/交易
002570.SZ,财经/交易
002572.SZ,财经/交易
002579.SZ,产品行为
00258.HK,组织关系
002581.SZ,财经/交易
002583.SZ,组织关系
002584.SZ,财经/交易
002585.SZ,产品行为
002587.SZ,产品行为
002588.SZ,组织关系
002589.SZ,财经/交易
002590.SZ,财经/交易
002594.SZ,产品行为
002596.SZ,产品行为
002597.SZ,组织关系
002598.SZ,产品行为
002599.SZ,财经/交易
002600.SZ,财经/交易
002601.SZ,财经/交易
002602.SZ,财经/交易
002603.SZ,财经/交易
002605.SZ,产品行为
002607.SZ,财经/交易
002608.SZ,产品行为
002610.SZ,产品行为
002612.SZ,财经/交易
002614.SZ,产品行为
002616.SZ,产品行为
002617.SZ,财经/交易
002619.SZ,司法行为
002621.SZ,财经/交易
002623.SZ,财经/交易
002624.SZ,财经/交易
002625.SZ,财经/交易
002626.SZ,产品行为
002637.SZ,财经/交易
002638.SZ,财经/交易
002639.SZ,财经/交易
002640.SZ,产品行为
002643.SZ,组织关系
002644.SZ,财经/交易
002645.SZ,财经/交易
002646.SZ,财经/交易
002648.SZ,财经/交易
002650.SZ,财经/交易
002651.SZ,竞赛行为
002653.SZ,财经/交易
002654.SZ,产品行为
002655.SZ,产品行为
002657.SZ,财经/交易
002659.SZ,财经/交易
002661.SZ,财经/交易
002665.SZ,财经/交易
002667.SZ,财经/交易
002669.SZ,财经/交易
002671.SZ,财经/交易
002673.SZ,财经/交易
002676.SZ,财经/交易
002678.SZ,财经/交易
002683.SZ,财经/交易
002684.SZ,财经/交易
002686.SZ,财经/交易
002694.SZ,财经/交易
002697.SZ,财经/交易
002698.SZ,组织关系
002699.SZ,财经/交易
002701.SZ,产品行为
002702.SZ,财经/交易
002706.SZ,财经/交易
002707.SZ,财经/交易
002708.SZ,财经/交易
002709.SZ,产品行为
002714.SZ,财经/交易
002717.SZ,财经/交易
002721.SZ,财经/交易
002723.SZ,财经/交易
002725.SZ,财经/交易
002726.SZ,财经/交易
002727.SZ,财经/交易
002728.SZ,财经/交易
002733.SZ,财经/交易
002734.SZ,财经/交易
002736.SZ,财经/交易
002738.SZ,财经/交易
002741.SZ,财经/交易
002742.SZ,财经/交易
002743.SZ,产品行为
002745.SZ,财经/交易
002746.SZ,财经/交易
002747.SZ,财经/交易
002748.SZ,财经/交易
002749.SZ,产品行为
002750.SZ,财经/交易
002752.SZ,产品行为
002753.SZ,产品行为
002756.SZ,财经/交易
002757.SZ,产品行为
002758.SZ,财经/交易
002759.SZ,财经/交易
002760.SZ,财经/交易
002761.SZ,财经/交易
002765.SZ,产品行为
002767.SZ,财经/交易
002771.SZ,财经/交易
002773.SZ,产品行为
002774.SZ,财经/交易
002775.SZ,财经/交易
002779.SZ,财经/交易
002781.SZ,财经/交易
002782.SZ,财经/交易
002783.SZ,财经/交易
002785.SZ,产品行为
002790.SZ,财经/交易
002796.SZ,财经/交易
002797.SZ,财经/交易
002801.SZ,财经/交易
002803.SZ,财经/交易
002805.SZ,财经/交易
002806.SZ,财经/交易
002812.SZ,财经/交易
002813.SZ,财经/交易
002815.SZ,财经/交易
002819.SZ,财经/交易
002821.SZ,财经/交易
002822.SZ,财经/交易
002824.SZ,财经/交易
002825.SZ,产品行为
002828.SZ,产品行为
002829.SZ,财经/交易
002831.SZ,财经/交易
002837.SZ,财经/交易
002838.SZ,财经/交易
002845.SZ,产品行为
002847.SZ,财经/交易
002849.SZ,产品行为
00285.HK,产品行为
002851.SZ,产品行为
002853.SZ,财经/交易
002858.SZ,财经/交易
002859.SZ,产品行为
002860.SZ,财经/交易
002865.SZ,财经/交易
002869.SZ,财经/交易
002873.SZ,财经/交易
002875.SZ,财经/交易
002878.SZ,财经/交易
002885.SZ,财经/交易
002886.SZ,产品行为
002892.SZ,财经/交易
002895.SZ,财经/交易
002897.SZ,财经/交易
002899.SZ,财经/交易
002900.SZ,财经/交易
002902.SZ,财经/交易
002905.SZ,产品行为
002906.SZ,财经/交易
002907.SZ,财经/交易
002908.SZ,产品行为
002909.SZ,财经/交易
00291.HK,财经/交易
002916.SZ,财经/交易
002917.SZ,财经/交易
002920.SZ,财经/交易
002923.SZ,财经/交易
002925.SZ,财经/交易
002928.SZ,财经/交易
002932.SZ,财经/交易
002933.SZ,财经/交易
002935.SZ,财经/交易
002936.SZ,财经/交易
002937.SZ,财经/交易
002938.SZ,财经/交易
002939.SZ,组织关系
002940.SZ,财经/交易
002941.SZ,财经/交易
002942.SZ,财经/交易
002943.SZ,财经/交易
002945.SZ,财经/交易
002946.SZ,财经/交易
002948.SZ,财经/交易
002949.SZ,财经/交易
002951.SZ,财经/交易
002952.SZ,财经/交易
002957.SZ,财经/交易
002958.SZ,司法行为
002959.SZ,产品行为
002961.SZ,组织关系
002962.SZ,财经/交易
002966.SZ,产品行为
002969.SZ,财经/交易
002970.SZ,财经/交易
002973.SZ,财经/交易
002977.SZ,财经/交易
002979.SZ,财经/交易
002980.SZ,财经/交易
002982.SZ,财经/交易
002984.SZ,财经/交易
002985.SZ,财经/交易
002986.SZ,财经/交易
002987.SZ,财经/交易
002988.SZ,产品行为
002991.SZ,产品行为
002993.SZ,财经/交易
002995.SZ,产品行为
002997.SZ,财经/交易
003000.SZ,财经/交易
003002.SZ,财经/交易
003006.SZ,财经/交易
003007.SZ,财经/交易
003009.SZ,产品行为
003012.SZ,产品行为
003015.SZ,财经/交易
003016.SZ,财经/交易
003017.SZ,财经/交易
003019.SZ,财经/交易
00302.HK,产品行为
003020.SZ,财经/交易
003021.SZ,财经/交易
003022.SZ,财经/交易
003023.SZ,财经/交易
003025.SZ,财经/交易
003026.SZ,财经/交易
003029.SZ,财经/交易
003031.SZ,财经/交易
003032.SZ,财经/交易
003035.SZ,财经/交易
003038.SZ,财经/交易
003039.SZ,财经/交易
003040.SZ,财经/交易
003042.SZ,财经/交易
003043.SZ,财经/交易
00305.HK,财经/交易
00336.HK,财经/交易
00345.HK,财经/交易
00354.HK,财经/交易
00366.HK,竞赛行为
00370.HK,财经/交易
003816.SZ,产品行为
00382.HK,财经/交易
00388.HK,财经/交易
00438.HK,财经/交易
00460.HK,财经/交易
00462.HK,产品行为
00486.HK,财经/交易
00489.HK,产品行为
00510.HK,财经/交易
00520.HK,产品行为
00570.HK,财经/交易
00688.HK,财经/交易
00700.HK,财经/交易
00751.HK,财经/交易
00772.HK,产品行为
00813.HK,财经/交易
00832.HK,组织关系
00836.HK,财经/交易
00868.HK,产品行为
00873.HK,财经/交易
00883.HK,组织关系
00960.HK,财经/交易
00966.HK,财经/交易
00968.HK,产品行为
00981.HK,财经/交易
00992.HK,财经/交易
01024.HK,组织关系
01030.HK,财经/交易
01093.HK,产品行为
01109.HK,财经/交易
01113.HK,财经/交易
01117.HK,组织关系
01209.HK,财经/交易
01216.HK,财经/交易
01228.HK,财经/交易
01299.HK,财经/交易
01317.HK,财经/交易
01347.HK,产品行为
01359.HK,财经/交易
01372.HK,财经/交易
01385.HK,财经/交易
01386.HK,财经/交易
01439.HK,财经/交易
01516.HK,财经/交易
01568.HK,财经/交易
01585.HK,财经/交易
01596.HK,财经/交易
01616.HK,产品行为
01622.HK,财经/交易
01628.HK,财经/交易
01638.HK,财经/交易
01672.HK,产品行为
01675.HK,财经/交易
01713.HK,财经/交易
01717.HK,财经/交易
01749.HK,产品行为
01769.HK,财经/交易
01797.HK,财经/交易
01798.HK,财经/交易
01801.HK,财经/交易
01810.HK,财经/交易
01813.HK,产品行为
01833.HK,财经/交易
01858.HK,财经/交易
01877.HK,产品行为
01896.HK,产品行为
01905.HK,财经/交易
01918.HK,财经/交易
02001.HK,财经/交易
02006.HK,财经/交易
02007.HK,产品行为
02015.HK,产品行为
02018.HK,产品行为
02020.HK,产品行为
02137.HK,产品行为
02156.HK,财经/交易
02157.HK,财经/交易
02162.HK,产品行为
02168.HK,财经/交易
02197.HK,产品行为
02257.HK,财经/交易
02269.HK,财经/交易
02273.HK,财经/交易
02279.HK,财经/交易
02285.HK,财经/交易
02313.HK,财经/交易
02319.HK,组织关系
02328.HK,财经/交易
02369.HK,产品行为
02382.HK,财经/交易
02400.HK,产品行为
02500.HK,财经/交易
02616.HK,产品行为
02618.HK,产品行为
02686.HK,财经/交易
02688.HK,财经/交易
02689.HK,财经/交易
02777.HK,财经/交易
02799.HK,财经/交易
03301.HK,财经/交易
03333.HK,财经/交易
03368.HK,组织关系
03377.HK,财经/交易
03378.HK,财经/交易
03380.HK,财经/交易
03383.HK,财经/交易
03396.HK,财经/交易
03600.HK,财经/交易
03636.HK,财经/交易
03690.HK,产品行为
03800.HK,财经/交易
03883.HK,财经/交易
03900.HK,产品行为
03933.HK,财经/交易
06058.HK,组织关系
06060.HK,财经/交易
06098.HK,财经/交易
06158.HK,财经/交易
06185.HK,财经/交易
06186.HK,财经/交易
06606.HK,财经/交易
06618.HK,组织关系
06633.HK,产品行为
06826.HK,财经/交易
06862.HK,产品行为
06969.HK,产品行为
06996.HK,财经/交易
08083.HK,组织关系
08126.HK,财经/交易
08247.HK,组织关系
08496.HK,财经/交易
09626.HK,财经/交易
09633.HK,财经/交易
09868.HK,产品行为
09878.HK,财经/交易
09888.HK,财经/交易
09899.HK,财经/交易
09939.HK,财经/交易
09969.HK,产品行为
09979.HK,财经/交易
09988.HK,财经/交易
09992.HK,财经/交易
09996.HK,财经/交易
300004.SZ,财经/交易
300005.SZ,组织关系
300006.SZ,组织关系
300007.SZ,产品行为
300009.SZ,财经/交易
300014.SZ,财经/交易
300015.SZ,财经/交易
300016.SZ,财经/交易
300017.SZ,财经/交易
300019.SZ,财经/交易
300025.SZ,财经/交易
300026.SZ,财经/交易
300027.SZ,产品行为
300031.SZ,产品行为
300033.SZ,财经/交易
300035.SZ,财经/交易
300036.SZ,产品行为
300037.SZ,财经/交易
300039.SZ,财经/交易
300040.SZ,财经/交易
300041.SZ,财经/交易
300042.SZ,财经/交易
300043.SZ,产品行为
300045.SZ,财经/交易
300047.SZ,财经/交易
300048.SZ,财经/交易
300051.SZ,产品行为
300052.SZ,财经/交易
300053.SZ,组织关系
300056.SZ,财经/交易
300057.SZ,产品行为
300058.SZ,产品行为
300059.SZ,财经/交易
300061.SZ,财经/交易
300063.SZ,财经/交易
300064.SZ,司法行为
300065.SZ,财经/交易
300068.SZ,财经/交易
300070.SZ,财经/交易
300072.SZ,财经/交易
300073.SZ,财经/交易
300075.SZ,产品行为
300076.SZ,财经/交易
300080.SZ,产品行为
300081.SZ,财经/交易
300082.SZ,财经/交易
300084.SZ,财经/交易
300086.SZ,财经/交易
300087.SZ,财经/交易
300088.SZ,财经/交易
300089.SZ,财经/交易
300091.SZ,产品行为
300093.SZ,财经/交易
300094.SZ,财经/交易
300095.SZ,财经/交易
300097.SZ,产品行为
300098.SZ,组织关系
300108.SZ,财经/交易
300109.SZ,财经/交易
300111.SZ,财经/交易
300113.SZ,产品行为
300114.SZ,财经/交易
300115.SZ,财经/交易
300117.SZ,财经/交易
300118.SZ,财经/交易
300121.SZ,产品行为
300122.SZ,产品行为
300123.SZ,财经/交易
300124.SZ,产品行为
300125.SZ,财经/交易
300127.SZ,财经/交易
300131.SZ,财经/交易
300133.SZ,财经/交易
300134.SZ,产品行为
300136.SZ,产品行为
300138.SZ,产品行为
300139.SZ,产品行为
300140.SZ,财经/交易
300141.SZ,财经/交易
300142.SZ,产品行为
300145.SZ,财经/交易
300146.SZ,组织关系
300147.SZ,财经/交易
300148.SZ,财经/交易
300149.SZ,财经/交易
300153.SZ,财经/交易
300157.SZ,财经/交易
300158.SZ,财经/交易
300160.SZ,产品行为
300162.SZ,财经/交易
300164.SZ,财经/交易
300165.SZ,财经/交易
300166.SZ,产品行为
300168.SZ,财经/交易
300169.SZ,财经/交易
300177.SZ,产品行为
300178.SZ,司法行为
300179.SZ,财经/交易
300181.SZ,财经/交易
300182.SZ,财经/交易
300188.SZ,产品行为
300192.SZ,财经/交易
300194.SZ,产品行为
300199.SZ,财经/交易
300203.SZ,产品行为
300204.SZ,财经/交易
300205.SZ,产品行为
300207.SZ,财经/交易
300212.SZ,产品行为
300217.SZ,产品行为
300218.SZ,财经/交易
300219.SZ,财经/交易
300220.SZ,财经/交易
300221.SZ,财经/交易
300223.SZ,财经/交易
300224.SZ,财经/交易
300225.SZ,财经/交易
300226.SZ,财经/交易
300228.SZ,产品行为
300229.SZ,产品行为
300232.SZ,产品行为
300235.SZ,财经/交易
300236.SZ,财经/交易
300240.SZ,财经/交易
300243.SZ,财经/交易
300247.SZ,财经/交易
300248.SZ,财经/交易
300249.SZ,财经/交易
300250.SZ,财经/交易
300251.SZ,财经/交易
300252.SZ,产品行为
300253.SZ,组织关系
300254.SZ,财经/交易
300255.SZ,产品行为
300257.SZ,财经/交易
300258.SZ,产品行为
300259.SZ,产品行为
300261.SZ,财经/交易
300263.SZ,产品行为
300264.SZ,财经/交易
300267.SZ,产品行为
300268.SZ,产品行为
300272.SZ,财经/交易
300273.SZ,组织关系
300274.SZ,财经/交易
300275.SZ,财经/交易
300277.SZ,财经/交易
300282.SZ,财经/交易
300285.SZ,财经/交易
300288.SZ,财经/交易
300294.SZ,财经/交易
300296.SZ,组织关系
300301.SZ,财经/交易
300305.SZ,产品行为
300308.SZ,财经/交易
300315.SZ,产品行为
300316.SZ,财经/交易
300317.SZ,财经/交易
300321.SZ,竞赛行为
300322.SZ,财经/交易
300323.SZ,产品行为
300324.SZ,财经/交易
300326.SZ,产品行为
300330.SZ,司法行为
300331.SZ,财经/交易
300337.SZ,组织关系
300338.SZ,财经/交易
300339.SZ,产品行为
300340.SZ,财经/交易
300343.SZ,财经/交易
300344.SZ,产品行为
300345.SZ,财经/交易
300346.SZ,组织关系
300347.SZ,财经/交易
300350.SZ,财经/交易
300352.SZ,产品行为
300353.SZ,产品行为
300363.SZ,财经/交易
300364.SZ,财经/交易
300365.SZ,财经/交易
300368.SZ,组织关系
300369.SZ,产品行为
300373.SZ,财经/交易
300377.SZ,财经/交易
300379.SZ,财经/交易
300380.SZ,财经/交易
300381.SZ,财经/交易
300382.SZ,组织关系
300384.SZ,财经/交易
300386.SZ,财经/交易
300387.SZ,财经/交易
300389.SZ,财经/交易
300390.SZ,财经/交易
300391.SZ,财经/交易
300393.SZ,组织关系
300394.SZ,财经/交易
300395.SZ,财经/交易
300398.SZ,财经/交易
300406.SZ,产品行为
300408.SZ,灾害/意外
300409.SZ,财经/交易
300412.SZ,财经/交易
300413.SZ,财经/交易
300422.SZ,组织关系
300424.SZ,财经/交易
300426.SZ,组织关系
300427.SZ,财经/交易
300428.SZ,产品行为
300432.SZ,产品行为
300433.SZ,产品行为
300435.SZ,财经/交易
300436.SZ,财经/交易
300437.SZ,财经/交易
300438.SZ,财经/交易
300440.SZ,财经/交易
300441.SZ,财经/交易
300444.SZ,财经/交易
300450.SZ,产品行为
300451.SZ,财经/交易
300453.SZ,产品行为
300454.SZ,财经/交易
300456.SZ,财经/交易
300457.SZ,产品行为
300459.SZ,产品行为
300460.SZ,财经/交易
300461.SZ,财经/交易
300462.SZ,人生
300464.SZ,财经/交易
300465.SZ,产品行为
300467.SZ,财经/交易
300469.SZ,财经/交易
300472.SZ,产品行为
300473.SZ,产品行为
300474.SZ,财经/交易
300476.SZ,产品行为
300479.SZ,财经/交易
300480.SZ,产品行为
300482.SZ,产品行为
300483.SZ,财经/交易
300487.SZ,产品行为
300489.SZ,财经/交易
300490.SZ,产品行为
300491.SZ,财经/交易
300494.SZ,财经/交易
300495.SZ,司法行为
300496.SZ,组织关系
300497.SZ,产品行为
300498.SZ,财经/交易
300499.SZ,产品行为
300501.SZ,产品行为
300502.SZ,财经/交易
300504.SZ,财经/交易
300505.SZ,财经/交易
300506.SZ,财经/交易
300510.SZ,产品行为
300511.SZ,财经/交易
300512.SZ,产品行为
300513.SZ,财经/交易
300514.SZ,财经/交易
300516.SZ,财经/交易
300519.SZ,财经/交易
300521.SZ,财经/交易
300525.SZ,财经/交易
300526.SZ,财经/交易
300531.SZ,财经/交易
300534.SZ,产品行为
300541.SZ,财经/交易
300542.SZ,财经/交易
300545.SZ,产品行为
300546.SZ,财经/交易
300548.SZ,财经/交易
300551.SZ,财经/交易
300552.SZ,产品行为
300555.SZ,财经/交易
300556.SZ,财经/交易
300557.SZ,产品行为
300558.SZ,产品行为
300559.SZ,财经/交易
300560.SZ,财经/交易
300561.SZ,财经/交易
300563.SZ,财经/交易
300565.SZ,财经/交易
300566.SZ,财经/交易
300567.SZ,产品行为
300568.SZ,产品行为
300572.SZ,财经/交易
300576.SZ,财经/交易
300578.SZ,产品行为
300579.SZ,财经/交易
300581.SZ,财经/交易
300582.SZ,产品行为
300584.SZ,财经/交易
300586.SZ,财经/交易
300587.SZ,财经/交易
300590.SZ,财经/交易
300592.SZ,财经/交易
300593.SZ,财经/交易
300595.SZ,财经/交易
300598.SZ,组织关系
300599.SZ,财经/交易
300601.SZ,产品行为
300602.SZ,财经/交易
300603.SZ,产品行为
300604.SZ,财经/交易
300605.SZ,财经/交易
300607.SZ,财经/交易
300609.SZ,财经/交易
300610.SZ,产品行为
300611.SZ,产品行为
300612.SZ,财经/交易
300613.SZ,财经/交易
300614.SZ,产品行为
300616.SZ,财经/交易
300617.SZ,产品行为
300618.SZ,财经/交易
300619.SZ,财经/交易
300620.SZ,产品行为
300621.SZ,财经/交易
300622.SZ,产品行为
300623.SZ,财经/交易
300624.SZ,产品行为
300626.SZ,财经/交易
300627.SZ,产品行为
300628.SZ,财经/交易
300630.SZ,财经/交易
300631.SZ,财经/交易
300632.SZ,产品行为
300634.SZ,财经/交易
300636.SZ,财经/交易
300638.SZ,产品行为
300639.SZ,产品行为
300644.SZ,财经/交易
300645.SZ,财经/交易
300648.SZ,产品行为
300649.SZ,财经/交易
300653.SZ,财经/交易
300655.SZ,产品行为
300656.SZ,组织关系
300657.SZ,财经/交易
300658.SZ,财经/交易
300659.SZ,财经/交易
300660.SZ,财经/交易
300661.SZ,财经/交易
300662.SZ,产品行为
300663.SZ,财经/交易
300666.SZ,财经/交易
300667.SZ,财经/交易
300668.SZ,财经/交易
300671.SZ,产品行为
300672.SZ,财经/交易
300674.SZ,财经/交易
300675.SZ,财经/交易
300676.SZ,财经/交易
300677.SZ,财经/交易
300678.SZ,财经/交易
300679.SZ,财经/交易
300680.SZ,产品行为
300681.SZ,财经/交易
300682.SZ,财经/交易
300683.SZ,财经/交易
300685.SZ,财经/交易
300687.SZ,产品行为
300689.SZ,财经/交易
300691.SZ,产品行为
300693.SZ,财经/交易
300694.SZ,财经/交易
300696.SZ,财经/交易
300699.SZ,财经/交易
300700.SZ,产品行为
300702.SZ,财经/交易
300703.SZ,财经/交易
300707.SZ,财经/交易
300708.SZ,产品行为
300709.SZ,财经/交易
300710.SZ,组织关系
300712.SZ,产品行为
300713.SZ,财经/交易
300715.SZ,财经/交易
300716.SZ,财经/交易
300718.SZ,产品行为
300720.SZ,财经/交易
300721.SZ,财经/交易
300724.SZ,产品行为
300726.SZ,财经/交易
300730.SZ,产品行为
300732.SZ,财经/交易
300733.SZ,财经/交易
300735.SZ,产品行为
300737.SZ,财经/交易
300738.SZ,财经/交易
300742.SZ,组织关系
300743.SZ,财经/交易
300746.SZ,财经/交易
300747.SZ,财经/交易
300748.SZ,财经/交易
300750.SZ,财经/交易
300751.SZ,产品行为
300752.SZ,财经/交易
300756.SZ,财经/交易
300759.SZ,财经/交易
300760.SZ,财经/交易
300762.SZ,财经/交易
300763.SZ,财经/交易
300765.SZ,产品行为
300768.SZ,产品行为
300769.SZ,财经/交易
300772.SZ,财经/交易
300773.SZ,产品行为
300774.SZ,财经/交易
300775.SZ,财经/交易
300779.SZ,财经/交易
300780.SZ,财经/交易
300781.SZ,产品行为
300782.SZ,产品行为
300783.SZ,交往
300786.SZ,产品行为
300788.SZ,产品行为
300790.SZ,产品行为
300792.SZ,财经/交易
300798.SZ,财经/交易
300799.SZ,产品行为
300800.SZ,财经/交易
300807.SZ,财经/交易
300815.SZ,财经/交易
300818.SZ,财经/交易
300822.SZ,财经/交易
300825.SZ,财经/交易
300828.SZ,财经/交易
300830.SZ,财经/交易
300831.SZ,财经/交易
300833.SZ,竞赛行为
300836.SZ,财经/交易
300839.SZ,财经/交易
300841.SZ,产品行为
300842.SZ,财经/交易
300843.SZ,产品行为
300844.SZ,产品行为
300846.SZ,财经/交易
300847.SZ,财经/交易
300849.SZ,财经/交易
300850.SZ,财经/交易
300853.SZ,产品行为
300855.SZ,产品行为
300856.SZ,财经/交易
300857.SZ,财经/交易
300858.SZ,财经/交易
300860.SZ,财经/交易
300862.SZ,财经/交易
300865.SZ,财经/交易
300866.SZ,财经/交易
300869.SZ,财经/交易
300871.SZ,产品行为
300872.SZ,财经/交易
300875.SZ,财经/交易
300876.SZ,产品行为
300877.SZ,财经/交易
300879.SZ,产品行为
300884.SZ,产品行为
300887.SZ,产品行为
300892.SZ,财经/交易
300894.SZ,财经/交易
300896.SZ,财经/交易
300897.SZ,财经/交易
300898.SZ,财经/交易
300900.SZ,财经/交易
300902.SZ,财经/交易
300907.SZ,财经/交易
300908.SZ,产品行为
300910.SZ,财经/交易
300911.SZ,产品行为
300915.SZ,财经/交易
300916.SZ,财经/交易
300918.SZ,产品行为
300920.SZ,财经/交易
300921.SZ,财经/交易
300922.SZ,财经/交易
300926.SZ,财经/交易
300928.SZ,财经/交易
300933.SZ,财经/交易
300939.SZ,组织关系
300941.SZ,财经/交易
300943.SZ,产品行为
300945.SZ,产品行为
300947.SZ,财经/交易
300949.SZ,财经/交易
300950.SZ,财经/交易
300956.SZ,产品行为
300961.SZ,组织关系
300966.SZ,产品行为
300967.SZ,产品行为
300969.SZ,财经/交易
300973.SZ,财经/交易
300977.SZ,产品行为
300979.SZ,财经/交易
300982.SZ,产品行为
300985.SZ,财经/交易
300987.SZ,财经/交易
300991.SZ,财经/交易
300993.SZ,产品行为
300994.SZ,产品行为
300996.SZ,财经/交易
300999.SZ,产品行为
301006.SZ,产品行为
301007.SZ,财经/交易
301011.SZ,产品行为
301012.SZ,财经/交易
301017.SZ,财经/交易
301022.SZ,财经/交易
301027.SZ,财经/交易
301028.SZ,产品行为
301031.SZ,财经/交易
301035.SZ,财经/交易
301038.SZ,财经/交易
301039.SZ,财经/交易
301040.SZ,产品行为
301046.SZ,产品行为
301047.SZ,产品行为
301049.SZ,财经/交易
301050.SZ,产品行为
301052.SZ,财经/交易
301060.SZ,财经/交易
301068.SZ,财经/交易
301070.SZ,产品行为
301072.SZ,财经/交易
301073.SZ,财经/交易
301075.SZ,产品行为
301078.SZ,财经/交易
301080.SZ,产品行为
301087.SZ,产品行为
301089.SZ,财经/交易
301096.SZ,产品行为
301099.SZ,财经/交易
301101.SZ,产品行为
301108.SZ,财经/交易
301111.SZ,财经/交易
301117.SZ,财经/交易
301118.SZ,财经/交易
301119.SZ,产品行为
301126.SZ,财经/交易
301128.SZ,财经/交易
301133.SZ,财经/交易
301155.SZ,财经/交易
301158.SZ,财经/交易
301159.SZ,产品行为
301166.SZ,财经/交易
301168.SZ,产品行为
301169.SZ,财经/交易
301177.SZ,财经/交易
301179.SZ,财经/交易
301188.SZ,产品行为
301193.SZ,财经/交易
301198.SZ,财经/交易
301201.SZ,财经/交易
301207.SZ,产品行为
301213.SZ,财经/交易
301215.SZ,财经/交易
301217.SZ,财经/交易
301219.SZ,产品行为
301235.SZ,产品行为
301236.SZ,产品行为
430047.BJ,财经/交易
430732,财经/交易
600000.SH,产品行为
600004.SH,组织关系
600006.SH,财经/交易
600008.SH,产品行为
600009.SH,财经/交易
600010.SH,财经/交易
600015.SH,财经/交易
600016.SH,产品行为
600018.SH,财经/交易
600019.SH,财经/交易
600021.SH,财经/交易
600023.SH,财经/交易
600025.SH,财经/交易
600026.SH,财经/交易
600027.SH,财经/交易
600028.SH,产品行为
600029.SH,财经/交易
600030.SH,产品行为
600031.SH,产品行为
600032.SH,财经/交易
600036.SH,财经/交易
600048.SH,财经/交易
600050.SH,产品行为
600052.SH,产品行为
600053.SH,财经/交易
600057.SH,组织关系
600060.SH,产品行为
600062.SH,财经/交易
600063.SH,财经/交易
600066.SH,财经/交易
600067.SH,财经/交易
600072.SH,财经/交易
600073.SH,财经/交易
600075.SH,财经/交易
600077.SH,财经/交易
600078.SH,财经/交易
600079.SH,财经/交易
600080.SH,组织关系
600085.SH,财经/交易
600089.SH,财经/交易
600095.SH,产品行为
600096.SH,财经/交易
600098.SH,财经/交易
600104.SH,产品行为
600108.SH,组织关系
600109.SH,财经/交易
600110.SH,财经/交易
600111.SH,财经/交易
600113.SH,产品行为
600115.SH,产品行为
600128.SH,财经/交易
600129.SH,财经/交易
600131.SH,产品行为
600132.SH,财经/交易
600135.SH,财经/交易
600136.SH,财经/交易
600141.SH,财经/交易
600145.SH,财经/交易
600146.SH,财经/交易
600148.SH,财经/交易
600150.SH,组织关系
600151.SH,财经/交易
600153.SH,财经/交易
600163.SH,财经/交易
600166.SH,产品行为
600170.SH,财经/交易
600171.SH,产品行为
600173.SH,组织关系
600178.SH,产品行为
600183.SH,财经/交易
600184.SH,财经/交易
600186.SH,财经/交易
600188.SH,财经/交易
600189.SH,财经/交易
600192.SH,财经/交易
600196.SH,财经/交易
600198.SH,产品行为
600199.SH,财经/交易
600206.SH,财经/交易
600211.SH,财经/交易
600213.SH,财经/交易
600216.SH,产品行为
600219.SH,财经/交易
600222.SH,财经/交易
600223.SH,财经/交易
600231.SH,产品行为
600233.SH,财经/交易
600235.SH,财经/交易
600236.SH,财经/交易
600237.SH,财经/交易
600238.SH,财经/交易
600243.SH,财经/交易
600246.SH,财经/交易
600248.SH,财经/交易
600252.SH,财经/交易
600257.SH,财经/交易
600258.SH,财经/交易
600259.SH,财经/交易
600262.SH,财经/交易
600267.SH,财经/交易
600270.SH,财经/交易
600271.SH,财经/交易
600272.SH,财经/交易
600276.SH,财经/交易
600277.SH,财经/交易
600281.SH,财经/交易
600282.SH,财经/交易
600293.SH,财经/交易
600298.SH,产品行为
600300.SH,组织关系
600303.SH,财经/交易
600305.SH,财经/交易
600306.SH,财经/交易
600308.SH,财经/交易
600309.SH,财经/交易
600310.SH,财经/交易
600312.SH,产品行为
600315.SH,司法行为
600318.SH,财经/交易
600320.SH,财经/交易
600322.SH,财经/交易
600325.SH,财经/交易
600328.SH,组织关系
600329.SH,财经/交易
600330.SH,财经/交易
600332.SH,财经/交易
600336.SH,产品行为
600337.SH,产品行为
600338.SH,财经/交易
600340.SH,财经/交易
600346.SH,财经/交易
600348.SH,财经/交易
600353.SH,财经/交易
600354.SH,财经/交易
600356.SH,财经/交易
600360.SH,产品行为
600361.SH,财经/交易
600362.SH,财经/交易
600363.SH,财经/交易
600366.SH,财经/交易
600367.SH,财经/交易
600369.SH,财经/交易
600371.SH,财经/交易
600373.SH,财经/交易
600376.SH,产品行为
600378.SH,产品行为
600379.SH,财经/交易
600380.SH,财经/交易
600381.SH,财经/交易
600383.SH,财经/交易
600387.SH,司法行为
600388.SH,产品行为
600389.SH,财经/交易
600391.SH,财经/交易
600392.SH,财经/交易
600395.SH,财经/交易
600396.SH,财经/交易
600397.SH,财经/交易
600400.SH,产品行为
600406.SH,财经/交易
600409.SH,财经/交易
600416.SH,财经/交易
600418.SH,财经/交易
600419.SH,财经/交易
600421.SH,财经/交易
600422.SH,财经/交易
600426.SH,产品行为
600428.SH,产品行为
600436.SH,财经/交易
600438.SH,产品行为
600444.SH,财经/交易
600452.SH,组织关系
600456.SH,财经/交易
600460.SH,财经/交易
600463.SH,财经/交易
600466.SH,财经/交易
600478.SH,财经/交易
600479.SH,财经/交易
600481.SH,财经/交易
600487.SH,产品行为
600490.SH,财经/交易
600491.SH,产品行为
600496.SH,产品行为
600497.SH,财经/交易
600499.SH,财经/交易
600500.SH,产品行为
600501.SH,财经/交易
600502.SH,财经/交易
600505.SH,财经/交易
600506.SH,财经/交易
600510.SH,财经/交易
600511.SH,财经/交易
600512.SH,财经/交易
600516.SH,财经/交易
600517.SH,财经/交易
600518.SH,财经/交易
600519.SH,财经/交易
600521.SH,产品行为
600522.SH,财经/交易
600523.SH,财经/交易
600526.SH,财经/交易
600528.SH,产品行为
600530.SH,财经/交易
600532.SH,财经/交易
600533.SH,财经/交易
600536.SH,财经/交易
600537.SH,财经/交易
600538.SH,财经/交易
600540.SH,财经/交易
600546.SH,财经/交易
600548.SH,财经/交易
600549.SH,产品行为
600556.SH,财经/交易
600557.SH,产品行为
600559.SH,财经/交易
600563.SH,组织关系
600566.SH,财经/交易
600567.SH,财经/交易
600569.SH,财经/交易
600570.SH,产品行为
600572.SH,财经/交易
600575.SH,财经/交易
600576.SH,财经/交易
600577.SH,财经/交易
600578.SH,财经/交易
600580.SH,财经/交易
600581.SH,财经/交易
600584.SH,产品行为
600585.SH,财经/交易
600587.SH,财经/交易
600588.SH,财经/交易
600593.SH,司法行为
600596.SH,财经/交易
600600.SH,财经/交易
600602.SH,组织关系
600603.SH,财经/交易
600606.SH,产品行为
600610.SH,财经/交易
600617.SH,财经/交易
600621.SH,财经/交易
600628.SH,财经/交易
600630.SH,财经/交易
600633.SH,财经/交易
600637.SH,财经/交易
600641.SH,财经/交易
600642.SH,产品行为
600643.SH,财经/交易
600655.SH,财经/交易
600657.SH,财经/交易
600660.SH,财经/交易
600661.SH,财经/交易
600665.SH,财经/交易
600667.SH,财经/交易
600673.SH,财经/交易
600677.SH,产品行为
600681.SH,财经/交易
600684.SH,财经/交易
600686.SH,组织关系
600688.SH,财经/交易
600690.SH,财经/交易
600693.SH,财经/交易
600696.SH,财经/交易
600698.SH,财经/交易
600699.SH,产品行为
600702.SH,财经/交易
600703.SH,财经/交易
600704.SH,组织关系
600706.SH,财经/交易
600710.SH,产品行为
600712.SH,财经/交易
600715.SH,财经/交易
600718.SH,产品行为
600720.SH,组织关系
600726.SH,财经/交易
600727.SH,产品行为
600728.SH,产品行为
600729.SH,财经/交易
600730.SH,财经/交易
600732.SH,产品行为
600733.SH,财经/交易
600735.SH,产品行为
600736.SH,组织关系
600740.SH,财经/交易
600741.SH,财经/交易
600742.SH,财经/交易
600743.SH,财经/交易
600744.SH,财经/交易
600745.SH,财经/交易
600746.SH,财经/交易
600749.SH,财经/交易
600756.SH,财经/交易
600759.SH,财经/交易
600763.SH,财经/交易
600764.SH,财经/交易
600765.SH,财经/交易
600771.SH,财经/交易
600773.SH,财经/交易
600774.SH,财经/交易
600777.SH,司法行为
600779.SH,财经/交易
600781.SH,财经/交易
600783.SH,财经/交易
600785.SH,财经/交易
600787.SH,交往
600791.SH,财经/交易
600797.SH,财经/交易
600798.SH,组织关系
600801.SH,财经/交易
600803.SH,财经/交易
600804.SH,产品行为
600807.SH,财经/交易
600808.SH,财经/交易
600809.SH,财经/交易
600810.SH,财经/交易
600812.SH,产品行为
600817.SH,产品行为
600818.SH,财经/交易
600821.SH,财经/交易
600823.SH,财经/交易
600824.SH,财经/交易
600826.SH,产品行为
600827.SH,组织关系
600830.SH,司法行为
600831.SH,财经/交易
600833.SH,财经/交易
600837.SH,财经/交易
600839.SH,司法行为
600841.SH,财经/交易
600844.SH,组织关系
600847.SH,财经/交易
600848.SH,产品行为
600853.SH,组织关系
600856.SH,财经/交易
600860.SH,财经/交易
600863.SH,财经/交易
600867.SH,财经/交易
600869.SH,财经/交易
600872.SH,财经/交易
600875.SH,产品行为
600879.SH,财经/交易
600880.SH,财经/交易
600882.SH,财经/交易
600883.SH,财经/交易
600885.SH,财经/交易
600886.SH,财经/交易
600887.SH,财经/交易
600888.SH,产品行为
600892.SH,财经/交易
600895.SH,财经/交易
600897.SH,财经/交易
600900.SH,财经/交易
600901.SH,财经/交易
600905.SH,财经/交易
600906.SH,财经/交易
600909.SH,产品行为
600916.SH,产品行为
600918.SH,财经/交易
600919.SH,产品行为
600926.SH,财经/交易
600927.SH,财经/交易
600929.SH,财经/交易
600933.SH,财经/交易
600935.SH,财经/交易
600936.SH,财经/交易
600939.SH,财经/交易
600941,财经/交易
600955.SH,产品行为
600956.SH,财经/交易
600958.SH,财经/交易
600963.SH,财经/交易
600965.SH,财经/交易
600966.SH,财经/交易
600968.SH,产品行为
600970.SH,财经/交易
600973.SH,财经/交易
600975.SH,财经/交易
600976.SH,产品行为
600981.SH,财经/交易
600982.SH,财经/交易
600985.SH,财经/交易
600986.SH,财经/交易
600987.SH,财经/交易
600988.SH,财经/交易
600989.SH,灾害/意外
600990.SH,组织关系
600995.SH,财经/交易
600996.SH,产品行为
600999.SH,组织关系
601001.SH,财经/交易
601003.SH,产品行为
601007.SH,财经/交易
601009.SH,财经/交易
601010.SH,财经/交易
601011.SH,财经/交易
601012.SH,财经/交易
601015.SH,财经/交易
601016.SH,财经/交易
601018.SH,财经/交易
601021.SH,财经/交易
601038.SH,财经/交易
601058.SH,财经/交易
601066.SH,财经/交易
601068.SH,财经/交易
601069.SH,财经/交易
601088.SH,财经/交易
601099.SH,财经/交易
601101.SH,财经/交易
601106.SH,产品行为
601108.SH,组织关系
601111.SH,财经/交易
601116.SH,财经/交易
601117.SH,财经/交易
601126.SH,财经/交易
601127.SH,财经/交易
601137.SH,财经/交易
601138.SH,产品行为
601139.SH,产品行为
601155.SH,财经/交易
601162.SH,财经/交易
601163.SH,交往
601166.SH,产品行为
601168.SH,财经/交易
601169.SH,产品行为
601179.SH,财经/交易
601186.SH,财经/交易
601198.SH,财经/交易
601211.SH,财经/交易
601212.SH,财经/交易
601218.SH,财经/交易
601222.SH,财经/交易
601225.SH,财经/交易
601226.SH,财经/交易
601228.SH,产品行为
601229.SH,财经/交易
601231.SH,财经/交易
601233.SH,产品行为
601236.SH,财经/交易
601238.SH,产品行为
601258.SH,财经/交易
601288.SH,产品行为
601311.SH,产品行为
601318.SH,财经/交易
601319.SH,产品行为
601328.SH,产品行为
601336.SH,财经/交易
601368.SH,财经/交易
601375.SH,财经/交易
601377.SH,财经/交易
601390.SH,产品行为
601398.SH,产品行为
601456.SH,财经/交易
601512.SH,财经/交易
601515.SH,财经/交易
601519.SH,财经/交易
601528.SH,财经/交易
601555.SH,财经/交易
601567.SH,产品行为
601577.SH,产品行为
601598.SH,产品行为
601599.SH,财经/交易
601600.SH,财经/交易
601601.SH,财经/交易
601606.SH,财经/交易
601607.SH,财经/交易
601608.SH,财经/交易
601611.SH,产品行为
601615.SH,财经/交易
601618.SH,组织关系
601619.SH,财经/交易
601628.SH,财经/交易
601633.SH,产品行为
601636.SH,产品行为
601658.SH,财经/交易
601665.SH,财经/交易
601666.SH,财经/交易
601668.SH,组织关系
601669.SH,财经/交易
601677.SH,财经/交易
601678.SH,财经/交易
601686.SH,财经/交易
601688.SH,产品行为
601689.SH,产品行为
601696.SH,财经/交易
601698.SH,产品行为
601699.SH,财经/交易
601700.SH,财经/交易
601702.SH,财经/交易
601717.SH,产品行为
601727.SH,产品行为
601728.SH,产品行为
601766.SH,产品行为
601778.SH,财经/交易
601788.SH,财经/交易
601789.SH,财经/交易
601798.SH,财经/交易
601800.SH,财经/交易
601816.SH,组织关系
601818.SH,产品行为
601825.SH,产品行为
601828.SH,产品行为
601857.SH,产品行为
601860.SH,财经/交易
601865.SH,财经/交易
601868.SH,财经/交易
601872.SH,产品行为
601877.SH,财经/交易
601878.SH,财经/交易
601881.SH,财经/交易
601882.SH,财经/交易
601886.SH,财经/交易
601888.SH,财经/交易
601890.SH,财经/交易
601898.SH,财经/交易
601899.SH,财经/交易
601901.SH,财经/交易
601916.SH,组织关系
601918.SH,财经/交易
601919.SH,财经/交易
601928.SH,组织关系
601929.SH,财经/交易
601933.SH,产品行为
601939.SH,财经/交易
601952.SH,财经/交易
601963.SH,产品行为
601965.SH,产品行为
601966.SH,财经/交易
601969.SH,财经/交易
601988.SH,产品行为
601991.SH,财经/交易
601995.SH,财经/交易
601996.SH,产品行为
601998.SH,产品行为
603002.SH,财经/交易
603005.SH,财经/交易
603012.SH,产品行为
603013.SH,财经/交易
603017.SH,财经/交易
603019.SH,产品行为
603020.SH,财经/交易
603022.SH,财经/交易
603023.SH,财经/交易
603026.SH,财经/交易
603027.SH,财经/交易
603028.SH,财经/交易
603029.SH,财经/交易
603031.SH,财经/交易
603035.SH,财经/交易
603037.SH,财经/交易
603038.SH,产品行为
603043.SH,财经/交易
603045.SH,财经/交易
603058.SH,财经/交易
603059.SH,财经/交易
603060.SH,财经/交易
603063.SH,财经/交易
603066.SH,组织关系
603068.SH,财经/交易
603077.SH,产品行为
603078.SH,财经/交易
603083.SH,财经/交易
603086.SH,产品行为
603087.SH,财经/交易
603088.SH,财经/交易
603093.SH,财经/交易
603098.SH,组织关系
603105.SH,财经/交易
603108.SH,组织关系
603109.SH,产品行为
603122.SH,产品行为
603123.SH,财经/交易
603127.SH,财经/交易
603128.SH,产品行为
603136.SH,财经/交易
603139.SH,财经/交易
603155.SH,竞赛行为
603157.SH,财经/交易
603160.SH,财经/交易
603168.SH,财经/交易
603169.SH,产品行为
603171.SH,财经/交易
603176.SH,财经/交易
603177.SH,产品行为
603178.SH,财经/交易
603179.SH,财经/交易
603180.SH,产品行为
603185.SH,财经/交易
603189.SH,财经/交易
603192.SH,财经/交易
603196.SH,财经/交易
603197.SH,财经/交易
603198.SH,财经/交易
603199.SH,财经/交易
603208.SH,财经/交易
603209.SH,财经/交易
603213.SH,财经/交易
603214.SH,财经/交易
603222.SH,财经/交易
603225.SH,产品行为
603229.SH,财经/交易
603232.SH,财经/交易
603233.SH,财经/交易
603259.SH,财经/交易
603260.SH,财经/交易
603279.SH,财经/交易
603288.SH,财经/交易
603290.SH,财经/交易
603297.SH,财经/交易
603298.SH,交往
603300.SH,财经/交易
603301.SH,财经/交易
603305.SH,产品行为
603306.SH,产品行为
603315.SH,产品行为
603316.SH,财经/交易
603318.SH,财经/交易
603319.SH,财经/交易
603322.SH,财经/交易
603328.SH,财经/交易
603330.SH,财经/交易
603333.SH,财经/交易
603335.SH,产品行为
603337.SH,财经/交易
603338.SH,财经/交易
603345.SH,财经/交易
603348.SH,财经/交易
603355.SH,产品行为
603356.SH,财经/交易
603357.SH,财经/交易
603360.SH,财经/交易
603363.SH,财经/交易
603368.SH,财经/交易
603378.SH,产品行为
603380.SH,财经/交易
603383.SH,财经/交易
603385.SH,财经/交易
603386.SH,财经/交易
603388.SH,财经/交易
603389.SH,财经/交易
603392.SH,财经/交易
603393.SH,财经/交易
603396.SH,财经/交易
603398.SH,财经/交易
603399.SH,财经/交易
603421.SH,产品行为
603429.SH,财经/交易
603439.SH,财经/交易
603444.SH,产品行为
603456.SH,财经/交易
603466.SH,产品行为
603477.SH,财经/交易
603486.SH,财经/交易
603489.SH,财经/交易
603499.SH,财经/交易
603501.SH,财经/交易
603505.SH,财经/交易
603507.SH,财经/交易
603508.SH,财经/交易
603511.SH,财经/交易
603517.SH,财经/交易
603518.SH,财经/交易
603529.SH,产品行为
603533.SH,产品行为
603536.SH,财经/交易
603538.SH,财经/交易
603551.SH,财经/交易
603558.SH,财经/交易
603565.SH,财经/交易
603577.SH,财经/交易
603586.SH,财经/交易
603588.SH,财经/交易
603589.SH,财经/交易
603596.SH,财经/交易
603605.SH,产品行为
603608.SH,财经/交易
603616.SH,财经/交易
603618.SH,财经/交易
603619.SH,财经/交易
603633.SH,产品行为
603636.SH,财经/交易
603637.SH,财经/交易
603655.SH,财经/交易
603656.SH,产品行为
603657.SH,财经/交易
603658.SH,产品行为
603666.SH,财经/交易
603668.SH,产品行为
603678.SH,财经/交易
603679.SH,产品行为
603685.SH,财经/交易
603687.SH,产品行为
603688.SH,财经/交易
603690.SH,产品行为
603693.SH,财经/交易
603696.SH,财经/交易
603699.SH,财经/交易
603701.SH,财经/交易
603707.SH,产品行为
603711.SH,财经/交易
603712.SH,财经/交易
603713.SH,财经/交易
603716.SH,财经/交易
603717.SH,财经/交易
603718.SH,财经/交易
603719.SH,财经/交易
603728.SH,财经/交易
603733.SH,财经/交易
603738.SH,产品行为
603755.SH,财经/交易
603757.SH,产品行为
603766.SH,产品行为
603767.SH,财经/交易
603773.SH,财经/交易
603776.SH,产品行为
603777.SH,财经/交易
603779.SH,财经/交易
603789.SH,组织关系
603799.SH,财经/交易
603801.SH,财经/交易
603803.SH,司法行为
603809.SH,财经/交易
603816.SH,财经/交易
603817.SH,财经/交易
603818.SH,财经/交易
603819.SH,财经/交易
603822.SH,财经/交易
603825.SH,产品行为
603829.SH,财经/交易
603833.SH,财经/交易
603836.SH,组织关系
603839.SH,财经/交易
603843.SH,财经/交易
603856.SH,财经/交易
603858.SH,产品行为
603867.SH,产品行为
603869.SH,组织关系
603876.SH,财经/交易
603881.SH,财经/交易
603882.SH,财经/交易
603883.SH,财经/交易
603885.SH,财经/交易
603890.SH,财经/交易
603895.SH,财经/交易
603896.SH,产品行为
603897.SH,财经/交易
603899.SH,财经/交易
603900.SH,组织关系
603901.SH,财经/交易
603903.SH,财经/交易
603906.SH,产品行为
603912.SH,财经/交易
603918.SH,财经/交易
603919.SH,财经/交易
603920.SH,财经/交易
603927.SH,财经/交易
603928.SH,财经/交易
603936.SH,财经/交易
603938.SH,财经/交易
603948.SH,财经/交易
603958.SH,产品行为
603959.SH,财经/交易
603963.SH,财经/交易
603977.SH,产品行为
603979.SH,组织关系
603982.SH,财经/交易
603986.SH,财经/交易
603987.SH,财经/交易
603988.SH,组织关系
603993.SH,产品行为
603996.SH,组织关系
603997.SH,财经/交易
603998.SH,财经/交易
605008.SH,产品行为
605009.SH,财经/交易
605018.SH,产品行为
605033.SH,财经/交易
605069.SH,财经/交易
605088.SH,司法行为
605089.SH,财经/交易
605090.SH,财经/交易
605098.SH,财经/交易
605108.SH,财经/交易
605111.SH,财经/交易
605116.SH,财经/交易
605117.SH,财经/交易
605118.SH,财经/交易
605128.SH,产品行为
605133.SH,财经/交易
605138.SH,财经/交易
605162.SH,财经/交易
605168.SH,产品行为
605169.SH,财经/交易
605189.SH,财经/交易
605218.SH,产品行为
605266.SH,财经/交易
605268.SH,财经/交易
605277.SH,财经/交易
605289.SH,财经/交易
605300.SH,产品行为
605318.SH,财经/交易
605333.SH,财经/交易
605338.SH,财经/交易
605358.SH,财经/交易
605366.SH,财经/交易
605388.SH,财经/交易
605398.SH,财经/交易
605399.SH,财经/交易
605507.SH,财经/交易
605567.SH,财经/交易
605589.SH,财经/交易
688032.SH,财经/交易
688036.SH,组织关系
688110.SH,财经/交易
688123.SH,财经/交易
688148.SH,产品行为
688257.SH,财经/交易
688521.SH,产品行为
688529.SH,财经/交易
688766.SH,产品行为
688819.SH,组织关系
830839.BJ,产品行为
830946.BJ,财经/交易
831300,产品行为
831757,财经/交易
831832.BJ,财经/交易
831834,财经/交易
832081,财经/交易
832171.BJ,财经/交易
832504,产品行为
832566.BJ,产品行为
832735.BJ,财经/交易
833123,财经/交易
833523.BJ,财经/交易
833985,财经/交易
834299,财经/交易
834332,财经/交易
834602,财经/交易
834765.BJ,财经/交易
835185.BJ,产品行为
835368.BJ,组织关系
835670.BJ,产品行为
836239.BJ,财经/交易
836263.BJ,财经/交易
836826.BJ,财经/交易
837064,产品行为
837100,组织关系
837150,产品行为
837344.BJ,财经/交易
839167.BJ,财经/交易
870436.BJ,产品行为
870907,司法行为
871245.BJ,财经/交易
871642.BJ,财经/交易
871981.BJ,产品行为
872586,财经/交易
873377,组织关系
AMD.NASDAQ,财经/交易
ATHM.NYSE,组织关系
BEST.NYSE,财经/交易
BGNE.NASDAQ,财经/交易
BIDU.NASDAQ,产品行为
BILI.NASDAQ,产品行为
BNTX.NASDAQ,产品行为
COIN.NASDAQ,财经/交易
DOYU.NASDAQ,财经/交易
DQ.NYSE,财经/交易
EDU.NYSE,财经/交易
ET.NYSE,产品行为
FB.NASDAQ,产品行为
GE.NYSE,财经/交易
GF0001,财经/交易
HUYA.NYSE,交往
IQ.NASDAQ,组织关系
JD.NASDAQ,财经/交易
JKS.NYSE,财经/交易
LK.NASDAQ,财经/交易
MAC.NYSE,产品行为
MNDT.NASDAQ,财经/交易
MOMO.NASDAQ,财经/交易
MRNA.NASDAQ,财经/交易
NIO.NYSE,产品行为
NKLA.NASDAQ,司法行为
NTES.NASDAQ,产品行为
NVFY.NASDAQ,财经/交易
PDD.NASDAQ,财经/交易
PE.NYSE,财经/交易
QTT.NASDAQ,财经/交易
RIVN.NASDAQ,财经/交易
RLX.NYSE,财经/交易
RYB.NYSE,财经/交易
SINA.NASDAQ,司法行为
SNAP.NYSE,财经/交易
SOGO.NYSE,组织关系
SOHU.NASDAQ,财经/交易
SONY.NYSE,产品行为
SPLK.NASDAQ,财经/交易
STLA.NYSE,产品行为
SVA.NASDAQ,产品行为
SY.NASDAQ,财经/交易
TAL.NYSE,财经/交易
TME.NYSE,产品行为
VIVO.NASDAQ,产品行为
WB.NASDAQ,财经/交易
YUMC.NYSE,产品行为
ZTO.NYSE,产品行为
